1_Adipose_Subcutaneous	Adipose_Subcutaneous	663	Adipose_Subcutaneous
2_Adipose_Visceral_Omentum	Adipose_Visceral_Omentum	541	Adipose_Visceral_Omentum
3_Adrenal_Gland	Adrenal_Gland	258	Adrenal_Gland
4_Artery_Aorta	Artery_Aorta	432	Artery_Aorta
5_Artery_Coronary	Artery_Coronary	240	Artery_Coronary
6_Artery_Tibial	Artery_Tibial	663	Artery_Tibial
7_Brain_Amygdala	Brain_Amygdala	152	Brain_Amygdala
8_Brain_Anterior_cingulate_cortex_BA24	Brain_Anterior_cingulate_cortex_BA24	176	Brain_Anterior_cingulate_cortex_BA24
9_Brain_Caudate_basal_ganglia	Brain_Caudate_basal_ganglia	246	Brain_Caudate_basal_ganglia
10_Brain_Cerebellar_Hemisphere	Brain_Cerebellar_Hemisphere	215	Brain_Cerebellar_Hemisphere
11_Brain_Cerebellum	Brain_Cerebellum	241	Brain_Cerebellum
12_Brain_Cortex	Brain_Cortex	255	Brain_Cortex
13_Brain_Frontal_Cortex_BA9	Brain_Frontal_Cortex_BA9	209	Brain_Frontal_Cortex_BA9
14_Brain_Hippocampus	Brain_Hippocampus	197	Brain_Hippocampus
15_Brain_Hypothalamus	Brain_Hypothalamus	202	Brain_Hypothalamus
16_Brain_Nucleus_accumbens_basal_ganglia	Brain_Nucleus_accumbens_basal_ganglia	246	Brain_Nucleus_accumbens_basal_ganglia
17_Brain_Putamen_basal_ganglia	Brain_Putamen_basal_ganglia	205	Brain_Putamen_basal_ganglia
18_Brain_Spinal_cord_cervical_c1	Brain_Spinal_cord_cervical_c1	159	Brain_Spinal_cord_cervical_c1
19_Brain_Substantia_nigra	Brain_Substantia_nigra	139	Brain_Substantia_nigra
20_Breast_Mammary_Tissue	Breast_Mammary_Tissue	459	Breast_Mammary_Tissue
21_Cells_Cultured_fibroblasts	Cells_Cultured_fibroblasts	504	Cells_Cultured_fibroblasts
22_Cells_EBVtransformed_lymphocytes	Cells_EBVtransformed_lymphocytes	174	Cells_EBVtransformed_lymphocytes
23_Colon_Sigmoid	Colon_Sigmoid	373	Colon_Sigmoid
24_Colon_Transverse	Colon_Transverse	406	Colon_Transverse
25_Esophagus_Gastroesophageal_Junction	Esophagus_Gastroesophageal_Junction	375	Esophagus_Gastroesophageal_Junction
26_Esophagus_Mucosa	Esophagus_Mucosa	555	Esophagus_Mucosa
27_Esophagus_Muscularis	Esophagus_Muscularis	515	Esophagus_Muscularis
28_Heart_Atrial_Appendage	Heart_Atrial_Appendage	429	Heart_Atrial_Appendage
29_Heart_Left_Ventricle	Heart_Left_Ventricle	432	Heart_Left_Ventricle
30_Liver	Liver	226	Liver
31_Lung	Lung	578	Lung
32_Minor_Salivary_Gland	Minor_Salivary_Gland	162	Minor_Salivary_Gland
33_Muscle_Skeletal	Muscle_Skeletal	803	Muscle_Skeletal
34_Nerve_Tibial	Nerve_Tibial	619	Nerve_Tibial
35_Ovary	Ovary	180	Ovary
36_Pancreas	Pancreas	328	Pancreas
37_Pituitary	Pituitary	283	Pituitary
38_Prostate	Prostate	245	Prostate
39_Skin_Not_Sun_Exposed_Suprapubic	Skin_Not_Sun_Exposed_Suprapubic	604	Skin_Not_Sun_Exposed_Suprapubic
40_Skin_Sun_Exposed_Lower_leg	Skin_Sun_Exposed_Lower_leg	701	Skin_Sun_Exposed_Lower_leg
41_Small_Intestine_Terminal_Ileum	Small_Intestine_Terminal_Ileum	187	Small_Intestine_Terminal_Ileum
42_Spleen	Spleen	241	Spleen
43_Stomach	Stomach	359	Stomach
44_Testis	Testis	361	Testis
45_Thyroid	Thyroid	653	Thyroid
46_Uterus	Uterus	142	Uterus
47_Vagina	Vagina	156	Vagina
48_Whole_Blood	Whole_Blood	755	Whole_Blood
